{
  "c0_eig_max_curve": [
    0.001676109153777361,
    0.0016779158031567931
  ],
  "c0_eig_min_curve": [
    0.00024830258917063475,
    0.00024969407240860164
  ],
  "cond_c00_curve": [
    6.750268459320068,
    1.2509716749971007
  ],
  "cond_ctt_curve": [
    2.5685131549835205,
    1.2165470679196695
  ],
  "ctt_eig_max_curve": [
    0.0021340500097721815,
    0.0021349885500967503
  ],
  "ctt_eig_min_curve": [
    0.0008308503311127424,
    0.0008336919127032161
  ],
  "epochs": [
    1,
    2
  ],
  "grad_norm_curve": [
    0.5994396652499676
  ],
  "initial_objective": 0.0021014262456446886,
  "log_every": 1,
  "loss_curve": [
    -0.07341453820365397
  ],
  "mean_z0_curve": [
    [
      -0.17094802856445312,
      0.0033307699486613274
    ],
    [
      -0.171037957072258,
      0.0032997475937008858
    ]
  ],
  "mean_zt_curve": [
    [
      -0.16932818293571472,
      -0.002628311049193144
    ],
    [
      -0.16942384839057922,
      -0.002693639602512121
    ]
  ],
  "metrics_csv": "/workspace/pmarlo/checkpoints/deeptica/1758485163-25676/metrics.csv",
  "objective_curve": [
    0.15871796702478388,
    0.1586028832537629
  ],
  "output_mean": [
    -0.16495852172374725,
    -0.0038395079318434
  ],
  "output_transform": [
    [
      25.35631204136666,
      1.1271293739645
    ],
    [
      1.1271293739644987,
      27.24614031419604
    ]
  ],
  "output_transform_applied": false,
  "output_variance": [
    0.001565875019878149,
    0.0013525612885132432
  ],
  "pair_coverage": 1.0,
  "pair_diagnostics": {
    "lag_used": 2,
    "pair_coverage": 1.0,
    "pairs_by_shard": [
      94
    ],
    "short_shards": [],
    "total_possible_pairs": 94,
    "usable_pairs": 94
  },
  "pairs_by_shard": [
    94
  ],
  "short_shards": [],
  "tau_schedule": [
    2
  ],
  "usable_pairs": 94,
  "val_loss_curve": [
    -0.1584848332093854,
    -0.15837029345330123
  ],
  "val_score": [
    0.15871796702478388,
    0.1586028832537629
  ],
  "val_score_curve": [
    0.15871796702478388,
    0.1586028832537629
  ],
  "var_z0_curve": [
    [
      0.0016784478211775422,
      0.00024404129362665117
    ],
    [
      0.001565875019878149,
      0.0013525612885132432
    ]
  ],
  "var_z0_curve_components": [
    [
      0.0016784478211775422,
      0.00024404129362665117
    ],
    [
      0.001565875019878149,
      0.0013525612885132432
    ]
  ],
  "var_zt_curve": [
    [
      0.00211522844620049,
      0.0008467098814435303
    ],
    [
      0.0015487589407712221,
      0.0013504944508895278
    ]
  ],
  "var_zt_curve_components": [
    [
      0.00211522844620049,
      0.0008467098814435303
    ],
    [
      0.0015487589407712221,
      0.0013504944508895278
    ]
  ],
  "wall_time_s": 1.3527910709381104
}
