{
  "row_count": 5416,
  "nan_counts": {
    "Rg": 0,
    "RMSD_ref": 0
  },
  "posinf_counts": {
    "Rg": 0,
    "RMSD_ref": 0
  },
  "neginf_counts": {
    "Rg": 0,
    "RMSD_ref": 0
  },
  "describe": {
    "Rg": {
      "count": 5416.0,
      "mean": 1.7079759782,
      "std": 0.0066763823,
      "min": 1.6923476041,
      "25%": 1.7033356851,
      "50%": 1.7070749743,
      "75%": 1.7117185196,
      "max": 1.7288446277
    },
    "RMSD_ref": {
      "count": 5416.0,
      "mean": 0.228552856,
      "std": 0.0625650749,
      "min": 0.0441507995,
      "25%": 0.1806305498,
      "50%": 0.2269421145,
      "75%": 0.2975148335,
      "max": 0.3186397552
    }
  },
  "inf_counts": {
    "Rg": 0,
    "RMSD_ref": 0
  },
  "scatter_plot": "C:\\Users\\konrad_guest\\Documents\\GitHub\\pmarlo\\example_programs\\app_usecase\\app_output\\cv_diagnostics\\cv_scatter_plot.png"
}
