{
  "canonical_correlation": {},
  "autocorrelation": {
    "X": {
      "taus": [
        2,
        6,
        15,
        42,
        118,
        326,
        903,
        2500
      ],
      "values": [
        0.9879054293264566,
        0.9597704120203416,
        0.884673556617049,
        0.6720982473339956,
        0.3548886518490225,
        0.49284035128239145,
        0.22776206134394308,
        -0.11191390956040795
      ]
    }
  },
  "diag_mass": 0.6811146762606907,
  "taus": [
    2,
    6,
    15,
    42,
    118,
    326,
    903,
    2500
  ],
  "warnings": []
}
